{"epoch":2,"batch_idx":544,"train_loss":0.7761936187744141,"train_acc":0.71875,"_timestamp":1.7441228570955784e+09,"_wandb":{"runtime":113},"_runtime":112.100318563,"_step":2110}