{"_runtime":21.699909721,"train_loss":2.4321634769439697,"_timestamp":1.7442239528547976e+09,"batch_idx":17,"train_acc":0.140625,"_step":17,"lr":0.1,"_wandb":{"runtime":22},"epoch":0}