{"epoch":9,"batch_idx":781,"train_loss":0.3888354003429413,"train_acc":0.7757,"_timestamp":1.7441219671113713e+09,"_runtime":512.36682746,"_step":7829,"_wandb":{"runtime":512}}