{"_step":782,"train_acc":0.625,"batch_idx":781,"train_loss":1.1811153888702393,"_runtime":58.145373654,"test_acc":0.6067,"_wandb":{"runtime":58},"_timestamp":1.7441387392360542e+09,"epoch":0}