{"_step":7829,"test_acc":0.7546,"_wandb":{"runtime":1039},"train_loss":0.49691179394721985,"batch_idx":781,"_timestamp":1.7442056595702922e+09,"train_acc":0.8125,"_runtime":1039.206104101,"epoch":9}