{"_timestamp":1.7441387631947298e+09,"train_loss":1.371341347694397,"_wandb":{"runtime":54},"train_acc":0.5625,"batch_idx":781,"_runtime":54.065144985,"_step":782,"test_acc":0.5653,"epoch":0}