{"batch_idx":781,"train_loss":0.9212904572486877,"_wandb":{"runtime":47},"_step":782,"test_acc":0.6533,"epoch":0,"train_acc":0.625,"_timestamp":1.7441385997898772e+09,"_runtime":47.364182318}