{"batch_idx":781,"test_acc":0.7892,"_timestamp":1.7441397848873274e+09,"_wandb":{"runtime":992},"_runtime":992.418245673,"train_acc":1,"train_loss":0.08121193945407867,"epoch":9,"_step":7829}