{"train_acc":0.4375,"test_acc":0.6762,"_wandb":{"runtime":47},"_step":782,"batch_idx":781,"_runtime":47.439405845,"epoch":0,"train_loss":1.1576917171478271,"_timestamp":1.7441384755978677e+09}