{"test_acc":0.7391,"_wandb":{"runtime":1033},"_step":7829,"epoch":9,"train_acc":0.875,"_runtime":1033.279883513,"batch_idx":781,"_timestamp":1.7442056884163783e+09,"train_loss":0.5713380575180054}