{"_wandb":{"runtime":49},"epoch":0,"train_acc":0.5625,"batch_idx":781,"test_acc":0.6457,"_step":782,"_timestamp":1.7441386826105773e+09,"train_loss":1.0921703577041626,"_runtime":49.310561224}