{"test_acc":0.6753,"_wandb":{"runtime":513},"_step":984,"batch_idx":195,"train_acc":0.8,"train_loss":0.5733360052108765,"lr":0.1,"_runtime":512.661297973,"_timestamp":1.7442244800333652e+09,"epoch":4}