{"test_acc":0.6981,"train_loss":0.870795726776123,"_step":984,"epoch":4,"train_acc":0.65,"_wandb":{"runtime":516},"lr":0.1,"batch_idx":195,"_timestamp":1.7442244176192389e+09,"_runtime":516.770379872}