{"train_loss":0.5873361229896545,"epoch":9,"batch_idx":781,"train_acc":0.75,"_timestamp":1.7441398374796803e+09,"test_acc":0.7482,"_step":7829,"_wandb":{"runtime":1024},"_runtime":1024.357199595}